;regiao_saude;retencao_geral
0;13008;0.5286939775910365
0;13001;0.6529572165728369
0;13009;0.5207224556489263
0;13002;0.46385258760366893
0;13003;0.5304534313725489
0;13004;0.4352736928104575
0;13006;0.3976238222561752
0;13005;0.5965854479046522
0;13007;0.4522058823529412
0;16002;0.35798319327731093
0;16003;0.544244899743621
0;16001;0.7122024816855584
0;29003;0.603875441723739
0;29001;0.6622153950475433
0;29026;0.6743208576794216
0;29022;0.6633248177126257
0;29006;0.6572380273088355
0;29010;0.6279528826133497
0;29024;0.720360737878039
0;29025;0.6861064165485199
0;29008;0.6550449346405228
0;29028;0.723672866962224
0;29002;0.6731545877022523
0;29015;0.647083505737319
0;29021;0.6029692937781173
0;29013;0.628481832709774
0;29005;0.5493976761972119
0;29007;0.7119999424595013
0;29012;0.7534374346438047
0;29004;0.6270258940939707
0;29020;0.7370500262068702
0;29016;0.6291293163535809
0;29017;0.7588978015448603
0;29019;0.5589441332088391
0;29018;0.6868378074220466
0;29027;0.694675528239542
0;29011;0.5466463479331126
0;29009;0.6667549612815655
0;29023;0.42720086286262754
0;29014;0.5658769947372888
0;23012;0.49672529268117493
0;23014;0.5193300980065686
0;23006;0.5409369429590017
0;23001;0.7551598737451175
0;23007;0.6224888571395926
0;23019;0.56494124387723
0;23021;0.7373928613568106
0;23004;0.5372957516339869
0;23005;0.5373895712131006
0;23016;0.43012079831932776
0;23011;0.6106400083074737
0;23022;0.48821060209327466
0;23002;0.5296534269379163
0;23015;0.6511569211017739
0;23020;0.5488693180106842
0;23010;0.5662409051235777
0;23003;0.5842715642555795
0;23013;0.5680226942175473
0;23017;0.5500525210084033
0;23018;0.5403098739495799
0;23009;0.5473247953027364
0;23008;0.563275677961243
0;53001;0.6889917352819861
0;32002;0.7395514841439329
0;32005;0.7265779810721721
0;32004;0.7327209081727363
0;52004;0.5691456793027141
0;52011;0.645489248396523
0;52001;0.708310243636884
0;52002;0.6005913768333786
0;52012;0.6165393556126687
0;52007;0.6247549019607843
0;52017;0.6407816173241365
0;52005;0.7284742859757656
0;52006;0.28900560224089633
0;52013;0.7283907269201387
0;52008;0.6427871148459384
0;52003;0.5923583649145933
0;52009;0.6054796918767508
0;52018;0.7170947924624396
0;52016;0.7000782649582958
0;52014;0.6351803221288516
0;52010;0.6517955288175876
0;52015;0.7450610389097906
0;15011;0.6161411640190837
0;15007;0.5349614845938374
0;15013;0.3005514705882353
0;15001;0.6269390175856439
0;15002;0.6132687295723722
0;15012;0.6306072807911043
0;15006;0.7150944615044409
0;15009;0.5572938091320444
0;15003;0.6888264701305359
0;15004;0.6759692513368983
0;15014;0.5508578431372549
0;15008;0.5831285447879158
0;15010;0.550172152194211
0;26001;0.6423998591278003
0;26009;0.6697118761348865
0;26003;0.6762228036938339
0;26008;0.4915996203216513
0;26005;0.5444344317417891
0;26010;0.7767555512356332
0;26002;0.6279241105636002
0;26007;0.6470817173023056
0;26004;0.6532417337564397
0;26012;0.6663983579857282
0;26006;0.612832822135004
0;26011;0.5279898818501759
0;22007;0.5637254901960783
0;22011;0.6269692997634175
0;22003;0.5624903163039475
0;22002;0.5876531862745098
0;22005;0.6642905739757405
0;22009;0.7032654665779041
0;22001;0.6020273435714613
0;22010;0.5703839869281045
0;22008;0.7044982698961938
0;22004;0.6855822178005747
0;22006;0.7100227591036414
0;41002;0.694865771189277
0;41012;0.6905027162380104
0;41014;0.6915503001900061
0;41017;0.6725102398105288
0;41018;0.6848747573552937
0;41016;0.6849034368830784
0;41011;0.7151756679457145
0;41020;0.7797701363925273
0;41015;0.7173604567025225
0;41008;0.737374746928376
0;41010;0.7311946911831586
0;41005;0.6847223057680399
0;41003;0.7605931795102108
0;41019;0.7238764857863155
0;41013;0.617436974789916
0;41007;0.6882936408575794
0;41021;0.6438677743824802
0;41009;0.6917813172408761
0;41001;0.6699691240132417
0;41004;0.6763932656395891
0;41022;0.659016106442577
0;41006;0.7261379551820727
0;33001;0.7255002382252637
0;33007;0.7110976291417842
0;33002;0.6614687408310163
0;33004;0.7638395365982175
0;33005;0.6636789951969675
0;33009;0.7589816556001381
0;33008;0.7639011315992342
0;33003;0.6809840341821242
0;33006;0.631559136084204
0;24004;0.56366139773504
0;24008;0.5248822256175197
0;24003;0.5608121127238774
0;24006;0.5730130956125765
0;24002;0.6878573243991852
0;24001;0.5847314114182627
0;24007;0.7068439482430764
0;24005;0.4614265679281159
0;11001;0.6501246399369465
0;11002;0.7408806682552357
0;11006;0.6819022675960016
0;11003;0.701235814838756
0;11005;0.6748074229691876
0;11004;0.7342491185113992
0;11007;0.2426470588235294
0;14001;0.7049679627630141
0;14002;0.39542483660130723
0;43001;0.7473040879126678
0;43003;0.806619008714597
0;43015;0.6480377567693745
0;43010;0.7203429617855612
0;43026;0.7734941325014856
0;43029;0.7437773371380638
0;43027;0.7681139122315593
0;43021;0.751519115904632
0;43013;0.7802509874563861
0;43022;0.7966619981325864
0;43008;0.6610943342524659
0;43016;0.7355852344909909
0;43019;0.6424688057040998
0;43025;0.7990323651305661
0;43030;0.7120551629742806
0;43020;0.7455583836098542
0;43009;0.7438498867926618
0;43007;0.8081700645424239
0;43014;0.7446095991186823
0;43023;0.7129410125130158
0;43004;0.6226741431866865
0;43017;0.6968292076411888
0;43011;0.7449823061635721
0;43005;0.7050993124522537
0;43012;0.7200479055258466
0;43018;0.7044568789054083
0;43006;0.7672099142687377
0;43028;0.8213360679353326
0;43002;0.643157679738562
0;43024;0.6646241830065359
0;42008;0.6938824054342629
0;42003;0.671734943977591
0;42002;0.706174841562806
0;42007;0.723366577588042
0;42001;0.708533201995373
0;42013;0.7079805645928509
0;42010;0.714931086070792
0;42011;0.6932110866987491
0;42014;0.639350272223514
0;42016;0.7214114772488887
0;42009;0.7146737421505224
0;42005;0.7711315069947117
0;42017;0.7344827582068065
0;42006;0.6742841626347859
0;42012;0.7768561547191348
0;42015;0.6751452924323811
0;42004;0.7882722057354411
0;28007;0.5193574399456752
0;28001;0.7424191498457919
0;28006;0.5732137264559638
0;28002;0.47255140692640685
0;28005;0.5666141456582634
0;28003;0.5547760654378302
0;28004;0.5025801154768462
0;17002;0.5617317119155355
0;17005;0.6480501404908958
0;17001;0.7250596483652749
0;17003;0.6926295518207283
0;17004;0.58408931864109
0;17007;0.5349439775910364
0;17006;0.738085930171324
0;17008;0.659453781512605
0;27007;0.661561810674608
0;27004;0.48646708683473383
0;27005;0.6228925282234107
0;27003;0.5451598935657784
0;27008;0.6196017003292544
0;27006;0.5977623911555573
0;27010;0.5939319667260844
0;27001;0.752275103072423
0;27002;0.5456707796240668
0;27009;0.5247017178083355
0;50003;0.7367016089296976
0;50001;0.7155570164067503
0;50002;0.7492647058823528
0;50004;0.7075874192457009
0;51002;0.7135393730591361
0;51001;0.5369835434173669
0;51013;0.6539899586950417
0;51004;0.4897058823529412
0;51008;0.4748949579831933
0;51007;0.6356263018027724
0;51011;0.6371523876930452
0;51010;0.6240371148459384
0;51003;0.4932598039215686
0;51015;0.538235294117647
0;51016;0.4354166666666667
0;51014;0.6684609092342592
0;51009;0.3743872549019608
0;51005;0.6032883986928104
0;51006;0.6172505767012687
0;51012;0.6056985294117646
0;25010;0.5701855742296918
0;25001;0.7200769124771276
0;25015;0.5546688197423492
0;25002;0.5282769803725686
0;25003;0.539370729352347
0;25009;0.6283039570723394
0;25016;0.7511932991833363
0;25008;0.6365400326797386
0;25004;0.5074754901960783
0;25007;0.6657720611861478
0;25011;0.5964052287581699
0;25012;0.42544107455581903
0;25014;0.547739127702363
0;25005;0.5489546197266785
0;25006;0.57534183371491
0;25013;0.496139705882353
0;35091;0.766217320261438
0;35156;0.789968487394958
0;35142;0.8511000340818452
0;35074;0.6100220959595959
0;35062;0.7433244375497926
0;35051;0.64737086466974
0;35133;0.7856121819357114
0;35157;0.7419704376505848
0;35112;0.7061258455344284
0;35093;0.7683088276204871
0;35072;0.7014420734729018
0;35031;0.7533313134580624
0;35022;0.7253238759510385
0;35172;0.7616206049593004
0;35153;0.6483981092436975
0;35162;0.6998861166540195
0;35163;0.7167859790897746
0;35021;0.7197109993444335
0;35083;0.7246379233511587
0;35101;0.7587412660375805
0;35011;0.6289796850051164
0;35092;0.8473379321562713
0;35071;0.712118623617813
0;35061;0.7582461728006711
0;35155;0.6183871339358722
0;35023;0.7753414292902204
0;35064;0.7274029843666522
0;35121;0.708522206959707
0;35131;0.8219790823789569
0;35014;0.6351683537616465
0;35095;0.833308195072901
0;35052;0.642306345615169
0;35041;0.7483362155088149
0;35032;0.75
0;35063;0.6844376271829364
0;35073;0.7263171650936808
0;35171;0.6850337087189831
0;35143;0.7727012774806894
0;35065;0.7236893283501171
0;35012;0.6437176322336066
0;35174;0.728657752483233
0;35161;0.7566121576645304
0;35103;0.7539935126848744
0;35173;0.7175780554696795
0;35151;0.6902498746197402
0;35102;0.7026620382354667
0;35013;0.5783959953281073
0;35034;0.762800809253586
0;35015;0.6555285310060681
0;35111;0.7914812719959778
0;35154;0.6180773066802479
0;35081;0.6988468539352457
0;35082;0.7693873936520996
0;35141;0.7145817417876241
0;35132;0.7281076746479666
0;35033;0.761545868347339
0;35115;0.5585609243697479
0;35152;0.6869281045751635
0;35094;0.6984688472091154
0;35113;0.7137605042016806
0;35104;0.6669340858006055
0;35114;0.6897058823529413
0;35016;0.6210591375963583
0;12001;0.4522058823529412
0;12003;0.609497549019608
0;12002;0.6782851798336228
0;21001;0.5349089635854343
0;21006;0.5262873022015824
0;21016;0.7625165799101153
0;21005;0.5864074580718863
0;21007;0.5462177579365078
0;21014;0.5030478896103896
0;21003;0.7477280685001273
0;21008;0.6574577287380055
0;21009;0.47965845429080717
0;21004;0.5775531045751634
0;21002;0.42370262498938965
0;21015;0.6284865461336051
0;21013;0.5251818238950592
0;21011;0.45337408710570476
0;21018;0.3918867692764752
0;21012;0.5222703956336263
0;21019;0.5491668462256697
0;21010;0.5946701786775316
0;21017;0.5929738562091502
0;31016;0.7287970958094213
0;31068;0.5167892156862743
0;31040;0.5474264705882353
0;31008;0.7565000939266906
0;31041;0.7099060457516341
0;31001;0.8046705345001767
0;31094;0.5801616479925303
0;31092;0.7023358381814264
0;31013;0.7019709716952834
0;31060;0.6186376940053411
0;31095;0.4980392156862745
0;31006;0.7556447499201983
0;31090;0.6242349970291147
0;31064;0.6402310924369747
0;31075;0.7766683733602043
0;31061;0.6771523207184972
0;31070;0.7791356782596994
0;31087;0.6638235294117647
0;31044;0.713956592673495
0;31019;0.6984735240249946
0;31030;0.6681038324420677
0;31021;0.7140836724672913
0;31015;0.7275030645056596
0;31037;0.6927581321504332
0;31017;0.698857545844654
0;31047;0.6551635047958577
0;31011;0.7917775443510738
0;31083;0.4932598039215687
0;31028;0.7005817303611422
0;31007;0.7852017161094963
0;31049;0.6837472372398843
0;31055;0.6538602941176471
0;31024;0.6761106088072201
0;31010;0.7731967787114845
0;31089;0.6431308887191239
0;31072;0.7210521625679492
0;31073;0.6724352240896359
0;31042;0.683711855954503
0;31034;0.679037751464222
0;31004;0.7625214858670742
0;31091;0.454656862745098
0;31079;0.5839861323317206
0;31038;0.6493872549019608
0;31027;0.6844775730805143
0;31084;0.7964545671565662
0;31078;0.7881636745607333
0;31018;0.6277330990501158
0;31050;0.4946078431372549
0;31012;0.8871020763124343
0;31074;0.7094021174903528
0;31035;0.6553342490842491
0;31026;0.6327073385572521
0;31051;0.5655637254901961
0;31086;0.8149622228693334
0;31093;0.7692752100840335
0;31097;0.7279532734301892
0;31096;0.5925245098039216
0;31036;0.6626805708860434
0;31098;0.6203431372549019
0;31020;0.5778244631185807
0;31048;0.6798965055405453
0;31002;0.8420974450386214
0;31032;0.6111935402142319
0;31059;0.7147763141571192
0;31053;0.5592612044817927
0;31031;0.7376551757066463
0;31003;0.7360260858422625
0;31009;0.7369728821015586
0;31065;0.43609068627450975
0;31071;0.705207802818097
0;31052;0.7014193404634581
0;31023;0.7550186741363212
0;31057;0.6380814374841212
0;31077;0.84375
0;31062;0.31348039215686274
0;31099;0.6462586739241152
0;31076;0.4491421568627451
0;31022;0.716468768880101
0;31025;0.709395384027737
0;31045;0.7240242178376052
0;31066;0.533974358974359
0;31088;0.5764481841687724
0;31058;0.6802206912176635
0;31085;0.6131895065718594
0;31046;0.3771446078431373
0;31067;0.423406862745098
0;31082;0.5348285293138235
0;31081;0.39705882352941174
0;31080;0.5536764705882353
